date,ref_name,ref,commit_sha,label,time,rss,vms
2023-07-07T15-01-27,main,refs/heads/main,c0528618df8d04e3667dcb85568a075632e50fa6,CKF Tracking,11.745435,611979264,781185024
2023-07-07T15-01-27,main,refs/heads/main,c0528618df8d04e3667dcb85568a075632e50fa6,Simulation,6.57165,573837312,818012160
2023-07-07T15-01-27,main,refs/heads/main,c0528618df8d04e3667dcb85568a075632e50fa6,Truth Tracking GSF,24.840702,517111808,717189120
2023-07-07T15-01-27,main,refs/heads/main,c0528618df8d04e3667dcb85568a075632e50fa6,Truth Tracking KF,13.933195,573927424,763846656
2023-07-07T15-01-27,main,refs/heads/main,c0528618df8d04e3667dcb85568a075632e50fa6,Vertexing,12.231996,753188864,1001123840
2023-07-07T16-46-40,main,refs/heads/main,cc53d9a471f69dfb128e5ea8aba647f165303fe4,CKF Tracking,28.843496,614584320,792870912
2023-07-07T16-46-40,main,refs/heads/main,cc53d9a471f69dfb128e5ea8aba647f165303fe4,Simulation,6.444459,585670656,816599040
2023-07-07T16-46-40,main,refs/heads/main,cc53d9a471f69dfb128e5ea8aba647f165303fe4,Truth Tracking GSF,23.868152,496021504,696696832
2023-07-07T16-46-40,main,refs/heads/main,cc53d9a471f69dfb128e5ea8aba647f165303fe4,Truth Tracking KF,1.814617,444596224,611663872
2023-07-07T16-46-40,main,refs/heads/main,cc53d9a471f69dfb128e5ea8aba647f165303fe4,Vertexing,1.813555,446062592,612917248
2023-07-07T17-16-33,main,refs/heads/main,e022486cb92cca679f5ffe9bff3ef0e2f27961f1,CKF Tracking,18.256563,608215040,792350720
2023-07-07T17-16-33,main,refs/heads/main,e022486cb92cca679f5ffe9bff3ef0e2f27961f1,Simulation,72.820566,997257216,1158447104
2023-07-07T17-16-33,main,refs/heads/main,e022486cb92cca679f5ffe9bff3ef0e2f27961f1,Truth Tracking GSF,24.777471,517009408,717533184
2023-07-07T17-16-33,main,refs/heads/main,e022486cb92cca679f5ffe9bff3ef0e2f27961f1,Truth Tracking KF,0.101099,21905408,151949312
2023-07-07T17-16-33,main,refs/heads/main,e022486cb92cca679f5ffe9bff3ef0e2f27961f1,Vertexing,0.50484,251244544,404279296
2023-07-07T22-03-56,main,refs/heads/main,689d82a5baed1305528e3fc1b2b5f51c77c3312a,CKF Tracking,9.424114,594849792,773292032
2023-07-07T22-03-56,main,refs/heads/main,689d82a5baed1305528e3fc1b2b5f51c77c3312a,Simulation,9.5934,592011264,878112768
2023-07-07T22-03-56,main,refs/heads/main,689d82a5baed1305528e3fc1b2b5f51c77c3312a,Truth Tracking GSF,26.235907,515133440,717529088
2023-07-07T22-03-56,main,refs/heads/main,689d82a5baed1305528e3fc1b2b5f51c77c3312a,Truth Tracking KF,0.000295,4096,6615040
2023-07-07T22-03-56,main,refs/heads/main,689d82a5baed1305528e3fc1b2b5f51c77c3312a,Vertexing,3.032581,512262144,711282688
2023-07-08T03-03-06,main,refs/heads/main,53603e7ce37417f88be4233c216d92f4e89ef943,CKF Tracking,24.607764,608681984,787374080
2023-07-08T03-03-06,main,refs/heads/main,53603e7ce37417f88be4233c216d92f4e89ef943,Simulation,9.399225,574468096,877948928
2023-07-08T03-03-06,main,refs/heads/main,53603e7ce37417f88be4233c216d92f4e89ef943,Truth Tracking GSF,30.015255,516415488,717508608
2023-07-08T03-03-06,main,refs/heads/main,53603e7ce37417f88be4233c216d92f4e89ef943,Truth Tracking KF,0.000437,4096,6615040
2023-07-08T03-03-06,main,refs/heads/main,53603e7ce37417f88be4233c216d92f4e89ef943,Vertexing,2.526494,446615552,619245568
2023-07-08T04-34-17,main,refs/heads/main,5b1de63569dceee3d4b0b9f23876aacbf50a1d98,CKF Tracking,9.704842,595116032,787554304
2023-07-08T04-34-17,main,refs/heads/main,5b1de63569dceee3d4b0b9f23876aacbf50a1d98,Simulation,3.136241,550535168,875679744
2023-07-08T04-34-17,main,refs/heads/main,5b1de63569dceee3d4b0b9f23876aacbf50a1d98,Truth Tracking GSF,26.565609,518217728,717520896
2023-07-08T04-34-17,main,refs/heads/main,5b1de63569dceee3d4b0b9f23876aacbf50a1d98,Truth Tracking KF,0.000298,4096,6615040
2023-07-08T04-34-17,main,refs/heads/main,5b1de63569dceee3d4b0b9f23876aacbf50a1d98,Vertexing,2.020266,445964288,616046592
2023-07-08T08-35-00,main,refs/heads/main,d0ad6649633c605cdf5e2312259303a869dd644f,CKF Tracking,14.84858,610148352,786509824
2023-07-08T08-35-00,main,refs/heads/main,d0ad6649633c605cdf5e2312259303a869dd644f,Simulation,7.468726,593076224,877969408
2023-07-08T08-35-00,main,refs/heads/main,d0ad6649633c605cdf5e2312259303a869dd644f,Truth Tracking GSF,25.1941,517279744,717533184
2023-07-08T08-35-00,main,refs/heads/main,d0ad6649633c605cdf5e2312259303a869dd644f,Truth Tracking KF,2.017598,444612608,611667968
2023-07-08T08-35-00,main,refs/heads/main,d0ad6649633c605cdf5e2312259303a869dd644f,Vertexing,1.715465,444121088,611872768
2023-07-11T12-11-40,main,refs/heads/main,679e7a367f91ce3350abb34310ecd7c5a25d7488,CKF Tracking,58.035234,615731200,792428544
2023-07-11T12-11-40,main,refs/heads/main,679e7a367f91ce3350abb34310ecd7c5a25d7488,Simulation,6.241979,584298496,875696128
2023-07-11T12-11-40,main,refs/heads/main,679e7a367f91ce3350abb34310ecd7c5a25d7488,Truth Tracking GSF,23.759265,520241152,717533184
2023-07-11T12-11-40,main,refs/heads/main,679e7a367f91ce3350abb34310ecd7c5a25d7488,Truth Tracking KF,2.115605,445911040,615137280
2023-07-11T12-11-40,main,refs/heads/main,679e7a367f91ce3350abb34310ecd7c5a25d7488,Vertexing,1.912834,446619648,615927808
2023-07-11T15-26-08,main,refs/heads/main,c4ba83638396f17e82ab7ca1e504c610172299f6,CKF Tracking,11.498279,612708352,782356480
2023-07-11T15-26-08,main,refs/heads/main,c4ba83638396f17e82ab7ca1e504c610172299f6,Simulation,7.264918,591519744,820342784
2023-07-11T15-26-08,main,refs/heads/main,c4ba83638396f17e82ab7ca1e504c610172299f6,Truth Tracking GSF,24.888107,518426624,717537280
2023-07-11T15-26-08,main,refs/heads/main,c4ba83638396f17e82ab7ca1e504c610172299f6,Truth Tracking KF,0.101183,25403392,152084480
2023-07-11T15-26-08,main,refs/heads/main,c4ba83638396f17e82ab7ca1e504c610172299f6,Vertexing,31.054767,838160384,1041084416
2023-07-11T16-12-17,main,refs/heads/main,617d03f9ddcd8a26af65427515efe3cf21bd0e53,CKF Tracking,11.506539,604143616,790949888
2023-07-11T16-12-17,main,refs/heads/main,617d03f9ddcd8a26af65427515efe3cf21bd0e53,Simulation,61.736142,998809600,1158471680
2023-07-11T16-12-17,main,refs/heads/main,617d03f9ddcd8a26af65427515efe3cf21bd0e53,Truth Tracking GSF,23.051594,491552768,700354560
2023-07-11T16-12-17,main,refs/heads/main,617d03f9ddcd8a26af65427515efe3cf21bd0e53,Truth Tracking KF,0.100876,21381120,151949312
2023-07-11T16-12-17,main,refs/heads/main,617d03f9ddcd8a26af65427515efe3cf21bd0e53,Vertexing,1.711243,445284352,613421056
2023-07-12T07-17-42,main,refs/heads/main,c499dfe9fa21fc9108b4da855aa97b6138103abe,CKF Tracking,11.28911,609660928,787562496
2023-07-12T07-17-42,main,refs/heads/main,c499dfe9fa21fc9108b4da855aa97b6138103abe,Simulation,7.462051,590360576,875696128
2023-07-12T07-17-42,main,refs/heads/main,c499dfe9fa21fc9108b4da855aa97b6138103abe,Truth Tracking GSF,24.563834,519315456,717524992
2023-07-12T07-17-42,main,refs/heads/main,c499dfe9fa21fc9108b4da855aa97b6138103abe,Truth Tracking KF,0.000323,4096,6615040
2023-07-12T07-17-42,main,refs/heads/main,c499dfe9fa21fc9108b4da855aa97b6138103abe,Vertexing,1.613157,442646528,616230912
2023-07-12T09-39-43,main,refs/heads/main,9ae9e8bf09e5a4732236a7263dee3c380845dadc,CKF Tracking,9.612188,599887872,782745600
2023-07-12T09-39-43,main,refs/heads/main,9ae9e8bf09e5a4732236a7263dee3c380845dadc,Simulation,8.300151,575197184,878399488
2023-07-12T09-39-43,main,refs/heads/main,9ae9e8bf09e5a4732236a7263dee3c380845dadc,Truth Tracking GSF,29.752366,518488064,717533184
2023-07-12T09-39-43,main,refs/heads/main,9ae9e8bf09e5a4732236a7263dee3c380845dadc,Truth Tracking KF,2.224808,445120512,615124992
2023-07-12T09-39-43,main,refs/heads/main,9ae9e8bf09e5a4732236a7263dee3c380845dadc,Vertexing,2.427255,446582784,618217472
2023-07-12T11-00-42,main,refs/heads/main,93fb63ea8e65aca3616ff91e78ff784fbb0050a1,CKF Tracking,8.063907,592207872,786083840
2023-07-12T11-00-42,main,refs/heads/main,93fb63ea8e65aca3616ff91e78ff784fbb0050a1,Simulation,7.566788,593846272,875696128
2023-07-12T11-00-42,main,refs/heads/main,93fb63ea8e65aca3616ff91e78ff784fbb0050a1,Truth Tracking GSF,22.654217,496185344,704946176
2023-07-12T11-00-42,main,refs/heads/main,93fb63ea8e65aca3616ff91e78ff784fbb0050a1,Truth Tracking KF,1.820164,442978304,611667968
2023-07-12T11-00-42,main,refs/heads/main,93fb63ea8e65aca3616ff91e78ff784fbb0050a1,Vertexing,1.815487,445861888,611876864
2023-07-13T08-48-28,main,refs/heads/main,cb16df8ebb2d5ec39058619627ef0445e681de36,CKF Tracking,45.124037,618852352,786649088
2023-07-13T08-48-28,main,refs/heads/main,cb16df8ebb2d5ec39058619627ef0445e681de36,Simulation,6.244166,584159232,875433984
2023-07-13T08-48-28,main,refs/heads/main,cb16df8ebb2d5ec39058619627ef0445e681de36,Truth Tracking GSF,24.058043,519897088,717541376
2023-07-13T08-48-28,main,refs/heads/main,cb16df8ebb2d5ec39058619627ef0445e681de36,Truth Tracking KF,1.7111,443379712,618012672
2023-07-13T08-48-28,main,refs/heads/main,cb16df8ebb2d5ec39058619627ef0445e681de36,Vertexing,6.445236,694734848,907968512
2023-07-13T13-48-28,main,refs/heads/main,9dff59fe2daa5aabdd77694fc81f3d8ebb1670c9,CKF Tracking,8.371369,601579520,782622720
2023-07-13T13-48-28,main,refs/heads/main,9dff59fe2daa5aabdd77694fc81f3d8ebb1670c9,Simulation,6.646087,590856192,816705536
2023-07-13T13-48-28,main,refs/heads/main,9dff59fe2daa5aabdd77694fc81f3d8ebb1670c9,Truth Tracking GSF,24.46856,517873664,717516800
2023-07-13T13-48-28,main,refs/heads/main,9dff59fe2daa5aabdd77694fc81f3d8ebb1670c9,Truth Tracking KF,0.100906,23277568,152084480
2023-07-13T13-48-28,main,refs/heads/main,9dff59fe2daa5aabdd77694fc81f3d8ebb1670c9,Vertexing,39.588851,859160576,1096204288
2023-07-13T16-17-12,main,refs/heads/main,d37616b2e132d0c75afcab51f2f8fb494a425ea6,CKF Tracking,10.514685,598286336,783843328
2023-07-13T16-17-12,main,refs/heads/main,d37616b2e132d0c75afcab51f2f8fb494a425ea6,Simulation,9.297045,574447616,875700224
2023-07-13T16-17-12,main,refs/heads/main,d37616b2e132d0c75afcab51f2f8fb494a425ea6,Truth Tracking GSF,29.306691,518356992,717541376
2023-07-13T16-17-12,main,refs/heads/main,d37616b2e132d0c75afcab51f2f8fb494a425ea6,Truth Tracking KF,0.000359,454656,7761920
2023-07-13T16-17-12,main,refs/heads/main,d37616b2e132d0c75afcab51f2f8fb494a425ea6,Vertexing,2.022377,443756544,615337984
2023-07-13T20-01-00,main,refs/heads/main,4409f3cccd77dd365b11f5eeef50b9935f281e5f,CKF Tracking,15.523392,609755136,787402752
2023-07-13T20-01-00,main,refs/heads/main,4409f3cccd77dd365b11f5eeef50b9935f281e5f,Simulation,3.238371,535150592,817860608
2023-07-13T20-01-00,main,refs/heads/main,4409f3cccd77dd365b11f5eeef50b9935f281e5f,Truth Tracking GSF,30.243539,503492608,702464000
2023-07-13T20-01-00,main,refs/heads/main,4409f3cccd77dd365b11f5eeef50b9935f281e5f,Truth Tracking KF,0.000351,454656,7761920
2023-07-13T20-01-00,main,refs/heads/main,4409f3cccd77dd365b11f5eeef50b9935f281e5f,Vertexing,6.872049,658755584,842141696
2023-07-13T22-19-21,main,refs/heads/main,f1bc93abb476963c18b15212a6b71bbd3815d2f5,CKF Tracking,27.255856,615333888,790917120
2023-07-13T22-19-21,main,refs/heads/main,f1bc93abb476963c18b15212a6b71bbd3815d2f5,Simulation,7.771077,589254656,874508288
2023-07-13T22-19-21,main,refs/heads/main,f1bc93abb476963c18b15212a6b71bbd3815d2f5,Truth Tracking GSF,23.566481,519540736,716939264
2023-07-13T22-19-21,main,refs/heads/main,f1bc93abb476963c18b15212a6b71bbd3815d2f5,Truth Tracking KF,0.000312,4096,6615040
2023-07-13T22-19-21,main,refs/heads/main,f1bc93abb476963c18b15212a6b71bbd3815d2f5,Vertexing,1.917564,446267392,610676736
2023-07-14T13-47-39,main,refs/heads/main,8fbbc4670fa1ce1e4ed129214f2c8284917bd5dc,CKF Tracking,8.378929,593510400,772304896
2023-07-14T13-47-39,main,refs/heads/main,8fbbc4670fa1ce1e4ed129214f2c8284917bd5dc,Simulation,6.746774,591175680,874508288
2023-07-14T13-47-39,main,refs/heads/main,8fbbc4670fa1ce1e4ed129214f2c8284917bd5dc,Truth Tracking GSF,23.864787,491950080,701120512
2023-07-14T13-47-39,main,refs/heads/main,8fbbc4670fa1ce1e4ed129214f2c8284917bd5dc,Truth Tracking KF,2.21569,445386752,611610624
2023-07-14T13-47-39,main,refs/heads/main,8fbbc4670fa1ce1e4ed129214f2c8284917bd5dc,Vertexing,8.562402,717172736,912207872
2023-07-14T18-14-32,main,refs/heads/main,8833e70950bb8a3eff36b25cea18f882cc3d5aef,CKF Tracking,9.414083,594595840,772734976
2023-07-14T18-14-32,main,refs/heads/main,8833e70950bb8a3eff36b25cea18f882cc3d5aef,Simulation,8.592113,590229504,816939008
2023-07-14T18-14-32,main,refs/heads/main,8833e70950bb8a3eff36b25cea18f882cc3d5aef,Truth Tracking GSF,26.505841,518004736,716922880
2023-07-14T18-14-32,main,refs/heads/main,8833e70950bb8a3eff36b25cea18f882cc3d5aef,Truth Tracking KF,0.000266,4096,6340608
2023-07-14T18-14-32,main,refs/heads/main,8833e70950bb8a3eff36b25cea18f882cc3d5aef,Vertexing,2.12287,446349312,610680832
2023-07-17T06-42-58,main,refs/heads/main,bb6853453595131e3727327020eb28dfd67cec44,CKF Tracking,10.128774,600236032,781602816
2023-07-17T06-42-58,main,refs/heads/main,bb6853453595131e3727327020eb28dfd67cec44,Simulation,8.296121,591925248,875778048
2023-07-17T06-42-58,main,refs/heads/main,bb6853453595131e3727327020eb28dfd67cec44,Truth Tracking GSF,27.725927,497152000,704671744
2023-07-17T06-42-58,main,refs/heads/main,bb6853453595131e3727327020eb28dfd67cec44,Truth Tracking KF,0.000477,413696,7876608
2023-07-17T06-42-58,main,refs/heads/main,bb6853453595131e3727327020eb28dfd67cec44,Vertexing,2.124647,446246912,615419904
2023-07-17T10-46-20,main,refs/heads/main,b23582886e7b09d0903ec8e510398d6eb554fa7e,CKF Tracking,34.044772,616316928,790642688
2023-07-17T10-46-20,main,refs/heads/main,b23582886e7b09d0903ec8e510398d6eb554fa7e,Simulation,7.464954,592998400,818991104
2023-07-17T10-46-20,main,refs/heads/main,b23582886e7b09d0903ec8e510398d6eb554fa7e,Truth Tracking GSF,23.590328,517013504,718155776
2023-07-17T10-46-20,main,refs/heads/main,b23582886e7b09d0903ec8e510398d6eb554fa7e,Truth Tracking KF,0.101098,24895488,152592384
2023-07-17T10-46-20,main,refs/heads/main,b23582886e7b09d0903ec8e510398d6eb554fa7e,Vertexing,1.715141,444432384,613138432
2023-07-18T16-33-49,main,refs/heads/main,7e5b2cea3e29b2de1dec322b5a669072e11c3d46,CKF Tracking,63.924562,669949952,859217920
2023-07-18T16-33-49,main,refs/heads/main,7e5b2cea3e29b2de1dec322b5a669072e11c3d46,Simulation,7.464003,588443648,878067712
2023-07-18T16-33-49,main,refs/heads/main,7e5b2cea3e29b2de1dec322b5a669072e11c3d46,Truth Tracking GSF,22.968401,493248512,702181376
2023-07-18T16-33-49,main,refs/heads/main,7e5b2cea3e29b2de1dec322b5a669072e11c3d46,Truth Tracking KF,0.101707,21209088,152584192
2023-07-18T16-33-49,main,refs/heads/main,7e5b2cea3e29b2de1dec322b5a669072e11c3d46,Vertexing,12.013301,752345088,1049399296
2023-07-19T09-11-39,main,refs/heads/main,375f1a91bcd193205b8ff8e00df4800aa151b934,CKF Tracking,28.181737,616861696,787394560
2023-07-19T09-11-39,main,refs/heads/main,375f1a91bcd193205b8ff8e00df4800aa151b934,Simulation,5.840455,575094784,856838144
2023-07-19T09-11-39,main,refs/heads/main,375f1a91bcd193205b8ff8e00df4800aa151b934,Truth Tracking GSF,24.26372,521027584,714698752
2023-07-19T09-11-39,main,refs/heads/main,375f1a91bcd193205b8ff8e00df4800aa151b934,Truth Tracking KF,0.100837,23457792,152584192
2023-07-19T09-11-39,main,refs/heads/main,375f1a91bcd193205b8ff8e00df4800aa151b934,Vertexing,4.232092,663842816,842006528
2023-07-20T11-39-03,main,refs/heads/main,4e5afb2bf789ea77ee3e5344ba1d00ded50d2f16,CKF Tracking,34.726645,613433344,792252416
2023-07-20T11-39-03,main,refs/heads/main,4e5afb2bf789ea77ee3e5344ba1d00ded50d2f16,Simulation,65.251503,998301696,1159090176
2023-07-20T11-39-03,main,refs/heads/main,4e5afb2bf789ea77ee3e5344ba1d00ded50d2f16,Truth Tracking GSF,24.058112,520744960,718155776
2023-07-20T11-39-03,main,refs/heads/main,4e5afb2bf789ea77ee3e5344ba1d00ded50d2f16,Truth Tracking KF,1.711288,444153856,617979904
2023-07-20T11-39-03,main,refs/heads/main,4e5afb2bf789ea77ee3e5344ba1d00ded50d2f16,Vertexing,1.913258,446717952,614178816
2023-07-20T12-42-14,main,refs/heads/main,564d174b64ed6431bf0f6b7f715a673a97848910,CKF Tracking,14.426016,614699008,783450112
2023-07-20T12-42-14,main,refs/heads/main,564d174b64ed6431bf0f6b7f715a673a97848910,Simulation,6.956982,584466432,877117440
2023-07-20T12-42-14,main,refs/heads/main,564d174b64ed6431bf0f6b7f715a673a97848910,Truth Tracking GSF,23.276408,520323072,718241792
2023-07-20T12-42-14,main,refs/heads/main,564d174b64ed6431bf0f6b7f715a673a97848910,Truth Tracking KF,0.101129,22114304,152666112
2023-07-20T12-42-14,main,refs/heads/main,564d174b64ed6431bf0f6b7f715a673a97848910,Vertexing,2.117537,447234048,615489536
2023-07-20T14-06-59,main,refs/heads/main,7251c28f7692b402342693164087df3ec1fe512f,CKF Tracking,23.337561,608858112,791801856
2023-07-20T14-06-59,main,refs/heads/main,7251c28f7692b402342693164087df3ec1fe512f,Simulation,124.579057,998567936,1159139328
2023-07-20T14-06-59,main,refs/heads/main,7251c28f7692b402342693164087df3ec1fe512f,Truth Tracking GSF,29.914626,519348224,718217216
2023-07-20T14-06-59,main,refs/heads/main,7251c28f7692b402342693164087df3ec1fe512f,Truth Tracking KF,0.000326,4096,6615040
2023-07-20T14-06-59,main,refs/heads/main,7251c28f7692b402342693164087df3ec1fe512f,Vertexing,0.606298,251179008,405188608
2023-07-21T11-00-06,main,refs/heads/main,b30f67871d0cf4ece60824ef971d4049e3417fd9,CKF Tracking,14.612683,611229696,787550208
2023-07-21T11-00-06,main,refs/heads/main,b30f67871d0cf4ece60824ef971d4049e3417fd9,Simulation,6.442516,588898304,877109248
2023-07-21T11-00-06,main,refs/heads/main,b30f67871d0cf4ece60824ef971d4049e3417fd9,Truth Tracking GSF,23.54337,519364608,718229504
2023-07-21T11-00-06,main,refs/heads/main,b30f67871d0cf4ece60824ef971d4049e3417fd9,Truth Tracking KF,0.10087,23298048,152662016
2023-07-21T11-00-06,main,refs/heads/main,b30f67871d0cf4ece60824ef971d4049e3417fd9,Vertexing,38.18253,851308544,1056018432
2023-07-21T21-33-22,main,refs/heads/main,22fa536da0ba131592a298346e7d51051b3a7cdf,CKF Tracking,14.613735,608333824,788267008
2023-07-21T21-33-22,main,refs/heads/main,22fa536da0ba131592a298346e7d51051b3a7cdf,Simulation,6.039958,573636608,819535872
2023-07-21T21-33-22,main,refs/heads/main,22fa536da0ba131592a298346e7d51051b3a7cdf,Truth Tracking GSF,23.783208,519802880,718233600
2023-07-21T21-33-22,main,refs/heads/main,22fa536da0ba131592a298346e7d51051b3a7cdf,Truth Tracking KF,1.409,425500672,613072896
2023-07-21T21-33-22,main,refs/heads/main,22fa536da0ba131592a298346e7d51051b3a7cdf,Vertexing,38.1894,854974464,1103859712
2023-07-24T15-58-53,main,refs/heads/main,dbcba62d14fdfce8c7af229d598cd65126efc8ca,CKF Tracking,9.923928,600330240,788086784
2023-07-24T15-58-53,main,refs/heads/main,dbcba62d14fdfce8c7af229d598cd65126efc8ca,Simulation,9.69131,592445440,819220480
2023-07-24T15-58-53,main,refs/heads/main,dbcba62d14fdfce8c7af229d598cd65126efc8ca,Truth Tracking GSF,27.04952,510197760,712978432
2023-07-24T15-58-53,main,refs/heads/main,dbcba62d14fdfce8c7af229d598cd65126efc8ca,Truth Tracking KF,0.000466,4096,7053312
2023-07-24T15-58-53,main,refs/heads/main,dbcba62d14fdfce8c7af229d598cd65126efc8ca,Vertexing,2.324138,446509056,614309888
2023-07-25T15-33-32,main,refs/heads/main,21cb496b3e8aef5531e4c5191288abe8c60f784b,CKF Tracking,8.567374,601997312,780828672
2023-07-25T15-33-32,main,refs/heads/main,21cb496b3e8aef5531e4c5191288abe8c60f784b,Simulation,76.364399,981680128,1148428288
2023-07-25T15-33-32,main,refs/heads/main,21cb496b3e8aef5531e4c5191288abe8c60f784b,Truth Tracking GSF,24.475355,520212480,718241792
2023-07-25T15-33-32,main,refs/heads/main,21cb496b3e8aef5531e4c5191288abe8c60f784b,Truth Tracking KF,1.813031,445259776,616570880
2023-07-25T15-33-32,main,refs/heads/main,21cb496b3e8aef5531e4c5191288abe8c60f784b,Vertexing,38.613456,851927040,1102151680
2023-07-26T10-02-39,main,refs/heads/main,5252d0755238ca2157fb4d16f37ec6cc72f1faf6,CKF Tracking,9.716641,597176320,772874240
2023-07-26T10-02-39,main,refs/heads/main,5252d0755238ca2157fb4d16f37ec6cc72f1faf6,Simulation,8.573248,589094912,819658752
2023-07-26T10-02-39,main,refs/heads/main,5252d0755238ca2157fb4d16f37ec6cc72f1faf6,Truth Tracking GSF,27.453107,521404416,718368768
2023-07-26T10-02-39,main,refs/heads/main,5252d0755238ca2157fb4d16f37ec6cc72f1faf6,Truth Tracking KF,0.000418,4096,6615040
2023-07-26T10-02-39,main,refs/heads/main,5252d0755238ca2157fb4d16f37ec6cc72f1faf6,Vertexing,2.31903,447188992,613265408
2023-07-26T15-37-45,main,refs/heads/main,9cdf2fe4d07161a80564808d1e1238eb8a8716c8,CKF Tracking,2.014122,447352832,619671552
2023-07-26T15-37-45,main,refs/heads/main,9cdf2fe4d07161a80564808d1e1238eb8a8716c8,Simulation,6.74769,591126528,876834816
2023-07-26T15-37-45,main,refs/heads/main,9cdf2fe4d07161a80564808d1e1238eb8a8716c8,Truth Tracking GSF,23.58108,494817280,696483840
2023-07-26T15-37-45,main,refs/heads/main,9cdf2fe4d07161a80564808d1e1238eb8a8716c8,Truth Tracking KF,0.100827,23351296,152657920
2023-07-26T15-37-45,main,refs/heads/main,9cdf2fe4d07161a80564808d1e1238eb8a8716c8,Vertexing,1.913346,446193664,613277696
2023-07-26T18-37-17,main,refs/heads/main,8ff2bcd3574d89721fa4c9bed47259362ecbb0e6,CKF Tracking,18.25025,609480704,782307328
2023-07-26T18-37-17,main,refs/heads/main,8ff2bcd3574d89721fa4c9bed47259362ecbb0e6,Simulation,6.645614,591908864,877101056
2023-07-26T18-37-17,main,refs/heads/main,8ff2bcd3574d89721fa4c9bed47259362ecbb0e6,Truth Tracking GSF,23.455541,489562112,699523072
2023-07-26T18-37-17,main,refs/heads/main,8ff2bcd3574d89721fa4c9bed47259362ecbb0e6,Truth Tracking KF,0.100889,25010176,152657920
2023-07-26T18-37-17,main,refs/heads/main,8ff2bcd3574d89721fa4c9bed47259362ecbb0e6,Vertexing,1.912831,446582784,614551552
2023-07-27T13-38-41,main,refs/heads/main,1e2eb5d0c2326ed9e550f5a507bedda570c99852,CKF Tracking,11.597345,599789568,774799360
2023-07-27T13-38-41,main,refs/heads/main,1e2eb5d0c2326ed9e550f5a507bedda570c99852,Simulation,6.039099,574976000,879669248
2023-07-27T13-38-41,main,refs/heads/main,1e2eb5d0c2326ed9e550f5a507bedda570c99852,Truth Tracking GSF,23.658489,519880704,718233600
2023-07-27T13-38-41,main,refs/heads/main,1e2eb5d0c2326ed9e550f5a507bedda570c99852,Truth Tracking KF,2.013052,446390272,618397696
2023-07-27T13-38-41,main,refs/heads/main,1e2eb5d0c2326ed9e550f5a507bedda570c99852,Vertexing,38.102906,864477184,1104920576
2023-07-27T17-29-05,main,refs/heads/main,aa860d75e8f2f4ee60051f3ad29fff0153701a04,CKF Tracking,9.809103,601165824,788033536
2023-07-27T17-29-05,main,refs/heads/main,aa860d75e8f2f4ee60051f3ad29fff0153701a04,Simulation,5.856774,574545920,877015040
2023-07-27T17-29-05,main,refs/heads/main,aa860d75e8f2f4ee60051f3ad29fff0153701a04,Truth Tracking GSF,26.534704,494399488,701837312
2023-07-27T17-29-05,main,refs/heads/main,aa860d75e8f2f4ee60051f3ad29fff0153701a04,Truth Tracking KF,0.000259,286720,3248128
2023-07-27T17-29-05,main,refs/heads/main,aa860d75e8f2f4ee60051f3ad29fff0153701a04,Vertexing,2.220944,446304256,619540480
2023-07-27T18-01-46,main,refs/heads/main,96ead7c75094c874cb103d51fc38e3cb951bc846,CKF Tracking,8.57697,597966848,773636096
2023-07-27T18-01-46,main,refs/heads/main,96ead7c75094c874cb103d51fc38e3cb951bc846,Simulation,6.744115,590958592,877015040
2023-07-27T18-01-46,main,refs/heads/main,96ead7c75094c874cb103d51fc38e3cb951bc846,Truth Tracking GSF,24.266256,517754880,718196736
2023-07-27T18-01-46,main,refs/heads/main,96ead7c75094c874cb103d51fc38e3cb951bc846,Truth Tracking KF,0.302251,107413504,354926592
2023-07-27T18-01-46,main,refs/heads/main,96ead7c75094c874cb103d51fc38e3cb951bc846,Vertexing,29.419116,846639104,1092489216
2023-07-28T08-50-23,main,refs/heads/main,6b2533fe8fa50b09e7d4c444dafe9ff3a4cf7375,CKF Tracking,8.275541,600113152,788037632
2023-07-28T08-50-23,main,refs/heads/main,6b2533fe8fa50b09e7d4c444dafe9ff3a4cf7375,Simulation,7.566505,592908288,819580928
2023-07-28T08-50-23,main,refs/heads/main,6b2533fe8fa50b09e7d4c444dafe9ff3a4cf7375,Truth Tracking GSF,22.663028,492584960,701857792
2023-07-28T08-50-23,main,refs/heads/main,6b2533fe8fa50b09e7d4c444dafe9ff3a4cf7375,Truth Tracking KF,0.101156,21000192,152616960
2023-07-28T08-50-23,main,refs/heads/main,6b2533fe8fa50b09e7d4c444dafe9ff3a4cf7375,Vertexing,1.815203,446185472,615387136
2023-07-28T09-07-46,main,refs/heads/main,1a1660e39a38ddb900d533c76ed2ae06666a1d41,CKF Tracking,15.239798,612450304,781496320
2023-07-28T09-07-46,main,refs/heads/main,1a1660e39a38ddb900d533c76ed2ae06666a1d41,Simulation,6.645899,588763136,877015040
2023-07-28T09-07-46,main,refs/heads/main,1a1660e39a38ddb900d533c76ed2ae06666a1d41,Truth Tracking GSF,23.850837,519106560,718196736
2023-07-28T09-07-46,main,refs/heads/main,1a1660e39a38ddb900d533c76ed2ae06666a1d41,Truth Tracking KF,1.913118,446472192,619331584
2023-07-28T09-07-46,main,refs/heads/main,1a1660e39a38ddb900d533c76ed2ae06666a1d41,Vertexing,38.300949,859803648,1060999168
2023-07-28T10-50-58,main,refs/heads/main,75b6eb2d9802bac0add908266865fb3f92edf45f,CKF Tracking,45.306237,611082240,788058112
2023-07-28T10-50-58,main,refs/heads/main,75b6eb2d9802bac0add908266865fb3f92edf45f,Simulation,7.669867,594038784,818774016
2023-07-28T10-50-58,main,refs/heads/main,75b6eb2d9802bac0add908266865fb3f92edf45f,Truth Tracking GSF,23.601881,496316416,703836160
2023-07-28T10-50-58,main,refs/heads/main,75b6eb2d9802bac0add908266865fb3f92edf45f,Truth Tracking KF,0.101058,22982656,152616960
2023-07-28T10-50-58,main,refs/heads/main,75b6eb2d9802bac0add908266865fb3f92edf45f,Vertexing,43.102945,856317952,1058492416
2023-07-28T13-05-51,main,refs/heads/main,a2d0eb55d99e4ae4ef0d194bab90af189f506e63,CKF Tracking,10.002646,596156416,773648384
2023-07-28T13-05-51,main,refs/heads/main,a2d0eb55d99e4ae4ef0d194bab90af189f506e63,Simulation,8.18054,584884224,879468544
2023-07-28T13-05-51,main,refs/heads/main,a2d0eb55d99e4ae4ef0d194bab90af189f506e63,Truth Tracking GSF,28.029361,520830976,718200832
2023-07-28T13-05-51,main,refs/heads/main,a2d0eb55d99e4ae4ef0d194bab90af189f506e63,Truth Tracking KF,2.120994,442736640,614412288
2023-07-28T13-05-51,main,refs/heads/main,a2d0eb55d99e4ae4ef0d194bab90af189f506e63,Vertexing,2.427326,446861312,613212160
2023-07-28T16-01-08,main,refs/heads/main,4bc20bfb8e7eaf0611de3335cf6f7f41ec5e93ef,CKF Tracking,18.374619,614318080,776957952
2023-07-28T16-01-08,main,refs/heads/main,4bc20bfb8e7eaf0611de3335cf6f7f41ec5e93ef,Simulation,7.465229,590221312,817934336
2023-07-28T16-01-08,main,refs/heads/main,4bc20bfb8e7eaf0611de3335cf6f7f41ec5e93ef,Truth Tracking GSF,23.775384,515457024,718209024
2023-07-28T16-01-08,main,refs/heads/main,4bc20bfb8e7eaf0611de3335cf6f7f41ec5e93ef,Truth Tracking KF,2.319931,446115840,613044224
2023-07-28T16-01-08,main,refs/heads/main,4bc20bfb8e7eaf0611de3335cf6f7f41ec5e93ef,Vertexing,1.917138,446275584,613212160
2023-07-30T08-15-51,main,refs/heads/main,d85d3fd22fba61e455d3ec7f257872f024b9a3d0,CKF Tracking,11.167524,603664384,781500416
2023-07-30T08-15-51,main,refs/heads/main,d85d3fd22fba61e455d3ec7f257872f024b9a3d0,Simulation,2.727241,446894080,613425152
2023-07-30T08-15-51,main,refs/heads/main,d85d3fd22fba61e455d3ec7f257872f024b9a3d0,Truth Tracking GSF,31.014319,518692864,718184448
2023-07-30T08-15-51,main,refs/heads/main,d85d3fd22fba61e455d3ec7f257872f024b9a3d0,Truth Tracking KF,0.000331,1454080,10145792
2023-07-30T08-15-51,main,refs/heads/main,d85d3fd22fba61e455d3ec7f257872f024b9a3d0,Vertexing,0.505951,232660992,387231744
2023-07-31T10-31-43,main,refs/heads/main,e853b17a7b25d80dce9cbc588d152ebb5f484ac8,CKF Tracking,15.109466,603213824,788058112
2023-07-31T10-31-43,main,refs/heads/main,e853b17a7b25d80dce9cbc588d152ebb5f484ac8,Simulation,6.645248,591708160,877023232
2023-07-31T10-31-43,main,refs/heads/main,e853b17a7b25d80dce9cbc588d152ebb5f484ac8,Truth Tracking GSF,24.555588,520916992,718196736
2023-07-31T10-31-43,main,refs/heads/main,e853b17a7b25d80dce9cbc588d152ebb5f484ac8,Truth Tracking KF,0.100823,21319680,152621056
2023-07-31T10-31-43,main,refs/heads/main,e853b17a7b25d80dce9cbc588d152ebb5f484ac8,Vertexing,1.611395,444547072,613941248
2023-07-31T10-38-28,main,refs/heads/main,9699885f771ca2913128e9e52e0bbdb55435a080,CKF Tracking,11.979409,591917056,766640128
2023-07-31T10-38-28,main,refs/heads/main,9699885f771ca2913128e9e52e0bbdb55435a080,Simulation,8.292727,585211904,877023232
2023-07-31T10-38-28,main,refs/heads/main,9699885f771ca2913128e9e52e0bbdb55435a080,Truth Tracking GSF,32.289682,512315392,714768384
2023-07-31T10-38-28,main,refs/heads/main,9699885f771ca2913128e9e52e0bbdb55435a080,Truth Tracking KF,0.203384,30425088,152817664
2023-07-31T10-38-28,main,refs/heads/main,9699885f771ca2913128e9e52e0bbdb55435a080,Vertexing,2.726711,446365696,613203968
2023-07-31T10-39-56,main,refs/heads/main,b01a2ddf15ec39a4d20014d621e182029b05efd8,CKF Tracking,15.80948,606298112,782680064
2023-07-31T10-39-56,main,refs/heads/main,b01a2ddf15ec39a4d20014d621e182029b05efd8,Simulation,10.099197,590147584,877006848
2023-07-31T10-39-56,main,refs/heads/main,b01a2ddf15ec39a4d20014d621e182029b05efd8,Truth Tracking GSF,31.242781,500891648,706879488
2023-07-31T10-39-56,main,refs/heads/main,b01a2ddf15ec39a4d20014d621e182029b05efd8,Truth Tracking KF,0.000346,6094848,12390400
2023-07-31T10-39-56,main,refs/heads/main,b01a2ddf15ec39a4d20014d621e182029b05efd8,Vertexing,2.424487,446943232,614883328
2023-07-31T12-01-53,main,refs/heads/main,ced7cb7e8f2c9ddd3190c5c05db59f0b12e0af67,CKF Tracking,11.350847,599875584,788279296
2023-07-31T12-01-53,main,refs/heads/main,ced7cb7e8f2c9ddd3190c5c05db59f0b12e0af67,Simulation,9.500726,575594496,878641152
2023-07-31T12-01-53,main,refs/heads/main,ced7cb7e8f2c9ddd3190c5c05db59f0b12e0af67,Truth Tracking GSF,30.436172,501800960,709898240
2023-07-31T12-01-53,main,refs/heads/main,ced7cb7e8f2c9ddd3190c5c05db59f0b12e0af67,Truth Tracking KF,0.202669,30720000,152858624
2023-07-31T12-01-53,main,refs/heads/main,ced7cb7e8f2c9ddd3190c5c05db59f0b12e0af67,Vertexing,2.32312,446365696,619331584
2023-08-01T13-14-24,main,refs/heads/main,61df9453dd70056b9f26d7b59bad967c332445bd,CKF Tracking,18.365575,607621120,789241856
2023-08-01T13-14-24,main,refs/heads/main,61df9453dd70056b9f26d7b59bad967c332445bd,Simulation,6.744311,591687680,877129728
2023-08-01T13-14-24,main,refs/heads/main,61df9453dd70056b9f26d7b59bad967c332445bd,Truth Tracking GSF,24.453647,521752576,718258176
2023-08-01T13-14-24,main,refs/heads/main,61df9453dd70056b9f26d7b59bad967c332445bd,Truth Tracking KF,2.013195,446144512,618168320
2023-08-01T13-14-24,main,refs/heads/main,61df9453dd70056b9f26d7b59bad967c332445bd,Vertexing,38.414278,852426752,1096454144
2023-08-01T15-13-14,main,refs/heads/main,6276311f3b9a34a241bd5578b217600858964526,CKF Tracking,22.891793,604270592,782348288
2023-08-01T15-13-14,main,refs/heads/main,6276311f3b9a34a241bd5578b217600858964526,Simulation,11.020547,586092544,878252032
2023-08-01T15-13-14,main,refs/heads/main,6276311f3b9a34a241bd5578b217600858964526,Truth Tracking GSF,33.702617,507944960,706359296
2023-08-01T15-13-14,main,refs/heads/main,6276311f3b9a34a241bd5578b217600858964526,Truth Tracking KF,3.243636,445317120,613101568
2023-08-01T15-13-14,main,refs/heads/main,6276311f3b9a34a241bd5578b217600858964526,Vertexing,3.23518,446631936,618643456
2023-08-01T17-14-05,main,refs/heads/main,6527cda2c86816372f14ce732a6899bbf267b334,CKF Tracking,8.560973,601149440,780070912
2023-08-01T17-14-05,main,refs/heads/main,6527cda2c86816372f14ce732a6899bbf267b334,Simulation,6.343641,584204288,877146112
2023-08-01T17-14-05,main,refs/heads/main,6527cda2c86816372f14ce732a6899bbf267b334,Truth Tracking GSF,25.098514,519323648,718262272
2023-08-01T17-14-05,main,refs/heads/main,6527cda2c86816372f14ce732a6899bbf267b334,Truth Tracking KF,0.100923,23203840,152678400
2023-08-01T17-14-05,main,refs/heads/main,6527cda2c86816372f14ce732a6899bbf267b334,Vertexing,11.292716,790859776,1040969728
2023-08-02T12-02-48,main,refs/heads/main,271cbf8ba0af2dd0902a6f0a21f5dd3ba9879e37,CKF Tracking,8.364823,595529728,786890752
2023-08-02T12-02-48,main,refs/heads/main,271cbf8ba0af2dd0902a6f0a21f5dd3ba9879e37,Simulation,7.463985,591716352,877162496
2023-08-02T12-02-48,main,refs/heads/main,271cbf8ba0af2dd0902a6f0a21f5dd3ba9879e37,Truth Tracking GSF,23.562281,521469952,718389248
2023-08-02T12-02-48,main,refs/heads/main,271cbf8ba0af2dd0902a6f0a21f5dd3ba9879e37,Truth Tracking KF,0.101017,23449600,152678400
2023-08-02T12-02-48,main,refs/heads/main,271cbf8ba0af2dd0902a6f0a21f5dd3ba9879e37,Vertexing,2.117526,446504960,614756352
2023-08-03T18-40-13,main,refs/heads/main,b5babcb04bb610b55a02a753b180e5d3893ca972,CKF Tracking,32.638408,619810816,786632704
2023-08-03T18-40-13,main,refs/heads/main,b5babcb04bb610b55a02a753b180e5d3893ca972,Simulation,9.599127,575348736,877137920
2023-08-03T18-40-13,main,refs/heads/main,b5babcb04bb610b55a02a753b180e5d3893ca972,Truth Tracking GSF,30.030097,504573952,709869568
2023-08-03T18-40-13,main,refs/heads/main,b5babcb04bb610b55a02a753b180e5d3893ca972,Truth Tracking KF,0.000292,6266880,13574144
2023-08-03T18-40-13,main,refs/heads/main,b5babcb04bb610b55a02a753b180e5d3893ca972,Vertexing,2.827585,447328256,613306368
2023-08-04T16-13-00,main,refs/heads/main,0147d07da8dbcaebca9ee2954afbe774b47b77c4,CKF Tracking,9.299425,595247104,788094976
2023-08-04T16-13-00,main,refs/heads/main,0147d07da8dbcaebca9ee2954afbe774b47b77c4,Simulation,8.297354,594997248,877162496
2023-08-04T16-13-00,main,refs/heads/main,0147d07da8dbcaebca9ee2954afbe774b47b77c4,Truth Tracking GSF,26.003791,496443392,704786432
2023-08-04T16-13-00,main,refs/heads/main,0147d07da8dbcaebca9ee2954afbe774b47b77c4,Truth Tracking KF,2.425943,445784064,613171200
2023-08-04T16-13-00,main,refs/heads/main,0147d07da8dbcaebca9ee2954afbe774b47b77c4,Vertexing,2.327509,447197184,620576768
2023-08-04T17-56-31,main,refs/heads/main,3c69bf252e40caf835ab4ef8e288d513b906284c,CKF Tracking,12.001952,601464832,782360576
2023-08-04T17-56-31,main,refs/heads/main,3c69bf252e40caf835ab4ef8e288d513b906284c,Simulation,25.931055,828547072,1009643520
2023-08-04T17-56-31,main,refs/heads/main,3c69bf252e40caf835ab4ef8e288d513b906284c,Truth Tracking GSF,24.683831,520458240,718249984
2023-08-04T17-56-31,main,refs/heads/main,3c69bf252e40caf835ab4ef8e288d513b906284c,Truth Tracking KF,2.11532,445681664,616738816
2023-08-04T17-56-31,main,refs/heads/main,3c69bf252e40caf835ab4ef8e288d513b906284c,Vertexing,29.94754,849862656,1093644288
2023-08-04T21-01-49,main,refs/heads/main,b5acca18e8eee8125329111879125c9cd5fbe7c6,CKF Tracking,17.479336,606814208,782348288
2023-08-04T21-01-49,main,refs/heads/main,b5acca18e8eee8125329111879125c9cd5fbe7c6,Simulation,8.876096,587722752,819347456
2023-08-04T21-01-49,main,refs/heads/main,b5acca18e8eee8125329111879125c9cd5fbe7c6,Truth Tracking GSF,27.870665,499859456,705785856
2023-08-04T21-01-49,main,refs/heads/main,b5acca18e8eee8125329111879125c9cd5fbe7c6,Truth Tracking KF,0.000355,4096,7561216
2023-08-04T21-01-49,main,refs/heads/main,b5acca18e8eee8125329111879125c9cd5fbe7c6,Track finding ttbar,2.420198,446910464,613318656
2023-08-04T21-01-49,main,refs/heads/main,b5acca18e8eee8125329111879125c9cd5fbe7c6,Vertexing,54.965038,845971456,1053179904
2023-08-04T21-47-07,main,refs/heads/main,3f4cbabb95ee953f37a0e50ed5c2b4ea73ad5d24,CKF Tracking,14.533527,601178112,782348288
2023-08-04T21-47-07,main,refs/heads/main,3f4cbabb95ee953f37a0e50ed5c2b4ea73ad5d24,Simulation,9.809125,592445440,879702016
2023-08-04T21-47-07,main,refs/heads/main,3f4cbabb95ee953f37a0e50ed5c2b4ea73ad5d24,Truth Tracking GSF,2.632199,452595712,613105664
2023-08-04T21-47-07,main,refs/heads/main,3f4cbabb95ee953f37a0e50ed5c2b4ea73ad5d24,Truth Tracking KF,0.00042,565248,10145792
2023-08-04T21-47-07,main,refs/heads/main,3f4cbabb95ee953f37a0e50ed5c2b4ea73ad5d24,Track finding ttbar,2.525568,446574592,619667456
2023-08-04T21-47-07,main,refs/heads/main,3f4cbabb95ee953f37a0e50ed5c2b4ea73ad5d24,Vertexing,57.413204,834265088,1049972736
2023-08-07T08-58-41,main,refs/heads/main,14b0ceadde38089e996fecd34f7e0859c7683f37,CKF Tracking,25.417789,617492480,787181568
2023-08-07T08-58-41,main,refs/heads/main,14b0ceadde38089e996fecd34f7e0859c7683f37,Simulation,6.144506,584687616,818065408
2023-08-07T08-58-41,main,refs/heads/main,14b0ceadde38089e996fecd34f7e0859c7683f37,Truth Tracking GSF,24.166507,519868416,718254080
2023-08-07T08-58-41,main,refs/heads/main,14b0ceadde38089e996fecd34f7e0859c7683f37,Truth Tracking KF,0.100911,25231360,152678400
2023-08-07T08-58-41,main,refs/heads/main,14b0ceadde38089e996fecd34f7e0859c7683f37,Track finding ttbar,2.013933,447119360,614494208
2023-08-07T08-58-41,main,refs/heads/main,14b0ceadde38089e996fecd34f7e0859c7683f37,Vertexing,19.552297,843563008,1096241152
2023-08-07T14-20-39,main,refs/heads/main,f651d07ed7c69c832fb6c6bde34ceb527bffb372,CKF Tracking,26.849011,610377728,788090880
2023-08-07T14-20-39,main,refs/heads/main,f651d07ed7c69c832fb6c6bde34ceb527bffb372,Simulation,9.700039,593498112,877162496
2023-08-07T14-20-39,main,refs/heads/main,f651d07ed7c69c832fb6c6bde34ceb527bffb372,Truth Tracking GSF,28.99001,504098816,709746688
2023-08-07T14-20-39,main,refs/heads/main,f651d07ed7c69c832fb6c6bde34ceb527bffb372,Truth Tracking KF,0.202313,32210944,152875008
2023-08-07T14-20-39,main,refs/heads/main,f651d07ed7c69c832fb6c6bde34ceb527bffb372,Track finding ttbar,0.00019,290816,6606848
2023-08-07T14-20-39,main,refs/heads/main,f651d07ed7c69c832fb6c6bde34ceb527bffb372,Vertexing,19.702179,777666560,1005346816
2023-08-08T17-41-58,main,refs/heads/main,10b40b7a8de44f1d5055e94220415f463effd904,CKF Tracking,38.444223,614334464,782352384
2023-08-08T17-41-58,main,refs/heads/main,10b40b7a8de44f1d5055e94220415f463effd904,Simulation,9.914398,585236480,876879872
2023-08-08T17-41-58,main,refs/heads/main,10b40b7a8de44f1d5055e94220415f463effd904,Truth Tracking GSF,30.554774,503865344,709611520
2023-08-08T17-41-58,main,refs/heads/main,10b40b7a8de44f1d5055e94220415f463effd904,Truth Tracking KF,0.202241,29499392,152866816
2023-08-08T17-41-58,main,refs/heads/main,10b40b7a8de44f1d5055e94220415f463effd904,Track finding ttbar,3.135349,446668800,614338560
2023-08-08T17-41-58,main,refs/heads/main,10b40b7a8de44f1d5055e94220415f463effd904,Vertexing,4.956198,600510464,783826944
2023-08-10T09-24-20,main,refs/heads/main,e9977dbd3cd3429c946043299cec85c7f3a8ef03,CKF Tracking,39.860799,616357888,792612864
2023-08-10T09-24-20,main,refs/heads/main,e9977dbd3cd3429c946043299cec85c7f3a8ef03,Simulation,8.59105,586772480,877285376
2023-08-10T09-24-20,main,refs/heads/main,e9977dbd3cd3429c946043299cec85c7f3a8ef03,Truth Tracking GSF,27.227879,520294400,718254080
2023-08-10T09-24-20,main,refs/heads/main,e9977dbd3cd3429c946043299cec85c7f3a8ef03,Truth Tracking KF,0.000257,286720,2727936
2023-08-10T09-24-20,main,refs/heads/main,e9977dbd3cd3429c946043299cec85c7f3a8ef03,Track finding ttbar,2.222714,446844928,619380736
2023-08-10T09-24-20,main,refs/heads/main,e9977dbd3cd3429c946043299cec85c7f3a8ef03,Vertexing,49.718904,854470656,1060597760
2023-08-14T09-11-52,main,refs/heads/main,d0759c0b054268c13ff88a9a9ead8fdcf7cc65bb,CKF Tracking,9.95704,599461888,790048768
2023-08-14T09-11-52,main,refs/heads/main,d0759c0b054268c13ff88a9a9ead8fdcf7cc65bb,Simulation,36.148056,901165056,1081102336
2023-08-14T09-11-52,main,refs/heads/main,d0759c0b054268c13ff88a9a9ead8fdcf7cc65bb,Truth Tracking GSF,26.217817,515309568,718323712
2023-08-14T09-11-52,main,refs/heads/main,d0759c0b054268c13ff88a9a9ead8fdcf7cc65bb,Truth Tracking KF,0.000258,4096,4096
2023-08-14T09-11-52,main,refs/heads/main,d0759c0b054268c13ff88a9a9ead8fdcf7cc65bb,Track finding ttbar,2.528857,446537728,619859968
2023-08-14T09-11-52,main,refs/heads/main,d0759c0b054268c13ff88a9a9ead8fdcf7cc65bb,Vertexing,48.43933,851681280,1096142848
2023-08-14T14-04-13,main,refs/heads/main,0f745aea9a110d430065b04afae3b45b2f33f779,CKF Tracking,11.384854,602783744,784175104
2023-08-14T14-04-13,main,refs/heads/main,0f745aea9a110d430065b04afae3b45b2f33f779,Simulation,9.096707,575234048,877285376
2023-08-14T14-04-13,main,refs/heads/main,0f745aea9a110d430065b04afae3b45b2f33f779,Truth Tracking GSF,30.324756,500899840,703070208
2023-08-14T14-04-13,main,refs/heads/main,0f745aea9a110d430065b04afae3b45b2f33f779,Truth Tracking KF,0.00043,4096,7561216
2023-08-14T14-04-13,main,refs/heads/main,0f745aea9a110d430065b04afae3b45b2f33f779,Track finding ttbar,2.625943,447418368,616472576
2023-08-14T14-04-13,main,refs/heads/main,0f745aea9a110d430065b04afae3b45b2f33f779,Vertexing,59.401339,845307904,1052024832
2023-08-14T20-18-57,main,refs/heads/main,7ae364dfa581d211a953fe15b3683650856d7cc4,CKF Tracking,47.703307,617766912,794779648
2023-08-14T20-18-57,main,refs/heads/main,7ae364dfa581d211a953fe15b3683650856d7cc4,Simulation,3.841226,548442112,877023232
2023-08-14T20-18-57,main,refs/heads/main,7ae364dfa581d211a953fe15b3683650856d7cc4,Truth Tracking GSF,33.562093,518017024,718323712
2023-08-14T20-18-57,main,refs/heads/main,7ae364dfa581d211a953fe15b3683650856d7cc4,Truth Tracking KF,2.527246,442793984,616861696
2023-08-14T20-18-57,main,refs/heads/main,7ae364dfa581d211a953fe15b3683650856d7cc4,Track finding ttbar,3.132277,446812160,613597184
2023-08-14T20-18-57,main,refs/heads/main,7ae364dfa581d211a953fe15b3683650856d7cc4,Vertexing,7.102061,668139520,845918208
2023-08-14T21-48-11,main,refs/heads/main,f96b04805933124d9a2efb64ee9ec81e6aaebe73,CKF Tracking,11.293392,606289920,785694720
2023-08-14T21-48-11,main,refs/heads/main,f96b04805933124d9a2efb64ee9ec81e6aaebe73,Simulation,9.299732,585875456,879857664
2023-08-14T21-48-11,main,refs/heads/main,f96b04805933124d9a2efb64ee9ec81e6aaebe73,Truth Tracking GSF,2.72865,450150400,613261312
2023-08-14T21-48-11,main,refs/heads/main,f96b04805933124d9a2efb64ee9ec81e6aaebe73,Truth Tracking KF,0.000284,1466368,10145792
2023-08-14T21-48-11,main,refs/heads/main,f96b04805933124d9a2efb64ee9ec81e6aaebe73,Track finding ttbar,2.425112,446849024,613466112
2023-08-14T21-48-11,main,refs/heads/main,f96b04805933124d9a2efb64ee9ec81e6aaebe73,Vertexing,57.553566,855224320,1057959936
2023-08-15T20-49-06,main,refs/heads/main,951edcad2e91a66eccde8ae80a26f0ed022cd429,CKF Tracking,11.302578,598609920,790085632
2023-08-15T20-49-06,main,refs/heads/main,951edcad2e91a66eccde8ae80a26f0ed022cd429,Simulation,9.909505,588140544,877293568
2023-08-15T20-49-06,main,refs/heads/main,951edcad2e91a66eccde8ae80a26f0ed022cd429,Truth Tracking GSF,30.254367,519266304,718323712
2023-08-15T20-49-06,main,refs/heads/main,951edcad2e91a66eccde8ae80a26f0ed022cd429,Truth Tracking KF,0.000362,442368,7761920
2023-08-15T20-49-06,main,refs/heads/main,951edcad2e91a66eccde8ae80a26f0ed022cd429,Track finding ttbar,2.12139,443977728,613474304
2023-08-15T20-49-06,main,refs/heads/main,951edcad2e91a66eccde8ae80a26f0ed022cd429,Vertexing,22.473025,785022976,1026899968
2023-08-16T09-12-39,main,refs/heads/main,342899b20ec84617e761e0fdcfa67214f9fe2ee7,CKF Tracking,39.2452,612208640,790360064
2023-08-16T09-12-39,main,refs/heads/main,342899b20ec84617e761e0fdcfa67214f9fe2ee7,Simulation,8.075553,585940992,820662272
2023-08-16T09-12-39,main,refs/heads/main,342899b20ec84617e761e0fdcfa67214f9fe2ee7,Truth Tracking GSF,29.653422,520929280,718372864
2023-08-16T09-12-39,main,refs/heads/main,342899b20ec84617e761e0fdcfa67214f9fe2ee7,Truth Tracking KF,2.122713,442609664,614526976
2023-08-16T09-12-39,main,refs/heads/main,342899b20ec84617e761e0fdcfa67214f9fe2ee7,Track finding ttbar,2.522991,446738432,619704320
2023-08-16T09-12-39,main,refs/heads/main,342899b20ec84617e761e0fdcfa67214f9fe2ee7,Vertexing,50.198658,857481216,1096450048
2023-08-16T12-07-21,main,refs/heads/main,4a8a7ee3d99053d8d48cb2a7f5316ea5337a43d1,CKF Tracking,14.478165,609628160,777035776
2023-08-16T12-07-21,main,refs/heads/main,4a8a7ee3d99053d8d48cb2a7f5316ea5337a43d1,Simulation,7.765688,595398656,819175424
2023-08-16T12-07-21,main,refs/heads/main,4a8a7ee3d99053d8d48cb2a7f5316ea5337a43d1,Truth Tracking GSF,24.993937,522661888,715001856
2023-08-16T12-07-21,main,refs/heads/main,4a8a7ee3d99053d8d48cb2a7f5316ea5337a43d1,Truth Tracking KF,2.017455,445362176,613523456
2023-08-16T12-07-21,main,refs/heads/main,4a8a7ee3d99053d8d48cb2a7f5316ea5337a43d1,Track finding ttbar,2.01682,446193664,613736448
2023-08-16T12-07-21,main,refs/heads/main,4a8a7ee3d99053d8d48cb2a7f5316ea5337a43d1,Vertexing,42.713486,856293376,1095073792
2023-08-16T15-28-32,main,refs/heads/main,430eb1e6f68f42453d841f88b069d80e4e317623,CKF Tracking,11.40563,606023680,790106112
2023-08-16T15-28-32,main,refs/heads/main,430eb1e6f68f42453d841f88b069d80e4e317623,Simulation,10.308214,591462400,879853568
2023-08-16T15-28-32,main,refs/heads/main,430eb1e6f68f42453d841f88b069d80e4e317623,Truth Tracking GSF,29.224635,498311168,705978368
2023-08-16T15-28-32,main,refs/heads/main,430eb1e6f68f42453d841f88b069d80e4e317623,Truth Tracking KF,0.202244,30220288,152936448
2023-08-16T15-28-32,main,refs/heads/main,430eb1e6f68f42453d841f88b069d80e4e317623,Track finding ttbar,2.424024,445800448,619511808
2023-08-16T15-28-32,main,refs/heads/main,430eb1e6f68f42453d841f88b069d80e4e317623,Vertexing,39.772482,855707648,1057624064
2023-08-16T19-22-00,main,refs/heads/main,9cd59fd0d8ab502aeb5b018fee95b285f7fe1d4b,CKF Tracking,10.026036,607449088,784887808
2023-08-16T19-22-00,main,refs/heads/main,9cd59fd0d8ab502aeb5b018fee95b285f7fe1d4b,Simulation,8.480462,586010624,880103424
2023-08-16T19-22-00,main,refs/heads/main,9cd59fd0d8ab502aeb5b018fee95b285f7fe1d4b,Track finding ttbar,0.000359,544768,10145792
2023-08-16T19-22-00,main,refs/heads/main,9cd59fd0d8ab502aeb5b018fee95b285f7fe1d4b,Truth Tracking GSF,29.577944,515985408,718639104
2023-08-16T19-22-00,main,refs/heads/main,9cd59fd0d8ab502aeb5b018fee95b285f7fe1d4b,Truth Tracking KF,0.000298,4096,6615040
2023-08-16T19-22-00,main,refs/heads/main,9cd59fd0d8ab502aeb5b018fee95b285f7fe1d4b,Vertexing,3.002029,521474048,721674240
2023-08-16T20-22-18,main,refs/heads/main,0486e42344f07154da7ac247b934d5d3eda0a420,CKF Tracking,8.395381,605941760,791982080
2023-08-16T20-22-18,main,refs/heads/main,0486e42344f07154da7ac247b934d5d3eda0a420,Simulation,6.876095,574889984,877551616
2023-08-16T20-22-18,main,refs/heads/main,0486e42344f07154da7ac247b934d5d3eda0a420,Track finding ttbar,0.000245,442368,7761920
2023-08-16T20-22-18,main,refs/heads/main,0486e42344f07154da7ac247b934d5d3eda0a420,Truth Tracking GSF,25.02302,508485632,712732672
2023-08-16T20-22-18,main,refs/heads/main,0486e42344f07154da7ac247b934d5d3eda0a420,Truth Tracking KF,0.000333,4096,6615040
2023-08-16T20-22-18,main,refs/heads/main,0486e42344f07154da7ac247b934d5d3eda0a420,Vertexing,2.645066,523358208,721682432
2023-08-16T21-41-57,main,refs/heads/main,c83f8fc3a9bc2a6b75772ca64c5e0c75e86b06aa,CKF Tracking,27.008314,604356608,775536640
2023-08-16T21-41-57,main,refs/heads/main,c83f8fc3a9bc2a6b75772ca64c5e0c75e86b06aa,Simulation,9.336321,591511552,877547520
2023-08-16T21-41-57,main,refs/heads/main,c83f8fc3a9bc2a6b75772ca64c5e0c75e86b06aa,Track finding ttbar,0.000288,4096,6615040
2023-08-16T21-41-57,main,refs/heads/main,c83f8fc3a9bc2a6b75772ca64c5e0c75e86b06aa,Truth Tracking GSF,32.662971,514420736,717406208
2023-08-16T21-41-57,main,refs/heads/main,c83f8fc3a9bc2a6b75772ca64c5e0c75e86b06aa,Truth Tracking KF,0.000292,290816,3248128
2023-08-16T21-41-57,main,refs/heads/main,c83f8fc3a9bc2a6b75772ca64c5e0c75e86b06aa,Vertexing,15.771089,759402496,1014599680
2023-08-16T23-09-55,main,refs/heads/main,543bd5a5a37b157833e04b23b316ba055f388f84,CKF Tracking,8.186426,600317952,792195072
2023-08-16T23-09-55,main,refs/heads/main,543bd5a5a37b157833e04b23b316ba055f388f84,Simulation,7.684765,590946304,877780992
2023-08-16T23-09-55,main,refs/heads/main,543bd5a5a37b157833e04b23b316ba055f388f84,Track finding ttbar,0.000277,532480,10145792
2023-08-16T23-09-55,main,refs/heads/main,543bd5a5a37b157833e04b23b316ba055f388f84,Truth Tracking GSF,25.375768,522706944,720031744
2023-08-16T23-09-55,main,refs/heads/main,543bd5a5a37b157833e04b23b316ba055f388f84,Truth Tracking KF,0.000342,4096,6615040
2023-08-16T23-09-55,main,refs/heads/main,543bd5a5a37b157833e04b23b316ba055f388f84,Vertexing,36.52693,842440704,1089597440
2023-08-17T00-41-02,main,refs/heads/main,1c459a94eab4fbe52303bd1ba1437f72b318a1a8,CKF Tracking,2.186535,447254528,619335680
2023-08-17T00-41-02,main,refs/heads/main,1c459a94eab4fbe52303bd1ba1437f72b318a1a8,Simulation,6.810091,575569920,880214016
2023-08-17T00-41-02,main,refs/heads/main,1c459a94eab4fbe52303bd1ba1437f72b318a1a8,Track finding ttbar,0.00023,4096,7561216
2023-08-17T00-41-02,main,refs/heads/main,1c459a94eab4fbe52303bd1ba1437f72b318a1a8,Truth Tracking GSF,25.058806,508596224,713936896
2023-08-17T00-41-02,main,refs/heads/main,1c459a94eab4fbe52303bd1ba1437f72b318a1a8,Truth Tracking KF,0.000292,4096,6615040
2023-08-17T00-41-02,main,refs/heads/main,1c459a94eab4fbe52303bd1ba1437f72b318a1a8,Vertexing,21.924308,864210944,1069355008
2023-08-17T10-05-28,main,refs/heads/main,dd8188a414a0f219070bc54c3e3efaac8aa5e049,CKF Tracking,7.417055,605663232,785801216
2023-08-17T10-05-28,main,refs/heads/main,dd8188a414a0f219070bc54c3e3efaac8aa5e049,Simulation,6.251214,573308928,877780992
2023-08-17T10-05-28,main,refs/heads/main,dd8188a414a0f219070bc54c3e3efaac8aa5e049,Track finding ttbar,0.000198,4096,6615040
2023-08-17T10-05-28,main,refs/heads/main,dd8188a414a0f219070bc54c3e3efaac8aa5e049,Truth Tracking GSF,22.420034,506585088,712998912
2023-08-17T10-05-28,main,refs/heads/main,dd8188a414a0f219070bc54c3e3efaac8aa5e049,Truth Tracking KF,1.624879,444518400,620126208
2023-08-17T10-05-28,main,refs/heads/main,dd8188a414a0f219070bc54c3e3efaac8aa5e049,Vertexing,2.233481,520331264,722759680
2023-08-17T12-52-08,main,refs/heads/main,0eb59542df82fc09b24487a2152d225624943108,CKF Tracking,23.347648,616394752,785006592
2023-08-17T12-52-08,main,refs/heads/main,0eb59542df82fc09b24487a2152d225624943108,Simulation,10.14835,590667776,880336896
2023-08-17T12-52-08,main,refs/heads/main,0eb59542df82fc09b24487a2152d225624943108,Track finding ttbar,2.295052,445390848,617263104
2023-08-17T12-52-08,main,refs/heads/main,0eb59542df82fc09b24487a2152d225624943108,Truth Tracking GSF,30.080489,517136384,718725120
2023-08-17T12-52-08,main,refs/heads/main,0eb59542df82fc09b24487a2152d225624943108,Truth Tracking KF,0.000379,5267456,12390400
2023-08-17T12-52-08,main,refs/heads/main,0eb59542df82fc09b24487a2152d225624943108,Vertexing,31.493739,845975552,1097334784
2023-08-17T15-18-22,main,refs/heads/main,a22a8be5b08a7bc4f05a47d4708b9f8e88420705,CKF Tracking,2.185707,446836736,619749376
2023-08-17T15-18-22,main,refs/heads/main,a22a8be5b08a7bc4f05a47d4708b9f8e88420705,Simulation,7.071017,585367552,877780992
2023-08-17T15-18-22,main,refs/heads/main,a22a8be5b08a7bc4f05a47d4708b9f8e88420705,Track finding ttbar,0.000226,4096,6615040
2023-08-17T15-18-22,main,refs/heads/main,a22a8be5b08a7bc4f05a47d4708b9f8e88420705,Truth Tracking GSF,25.147648,521297920,720039936
2023-08-17T15-18-22,main,refs/heads/main,a22a8be5b08a7bc4f05a47d4708b9f8e88420705,Truth Tracking KF,0.00028,4096,6615040
2023-08-17T15-18-22,main,refs/heads/main,a22a8be5b08a7bc4f05a47d4708b9f8e88420705,Vertexing,22.072365,840884224,1090277376
2023-08-17T17-21-51,main,refs/heads/main,92841d708aedc93be5697087b113ca98b37846cc,CKF Tracking,9.857879,605683712,784982016
2023-08-17T17-21-51,main,refs/heads/main,92841d708aedc93be5697087b113ca98b37846cc,Simulation,8.29274,574017536,877772800
2023-08-17T17-21-51,main,refs/heads/main,92841d708aedc93be5697087b113ca98b37846cc,Track finding ttbar,2.250267,445517824,619298816
2023-08-17T17-21-51,main,refs/heads/main,92841d708aedc93be5697087b113ca98b37846cc,Truth Tracking GSF,29.319236,514367488,718274560
2023-08-17T17-21-51,main,refs/heads/main,92841d708aedc93be5697087b113ca98b37846cc,Truth Tracking KF,0.000262,4096,4096
2023-08-17T17-21-51,main,refs/heads/main,92841d708aedc93be5697087b113ca98b37846cc,Vertexing,52.535674,858243072,1098833920
2023-08-17T18-08-30,main,refs/heads/main,49de0d35be6cdc3c1192983439d5a90034cad73f,CKF Tracking,17.994323,609894400,792113152
2023-08-17T18-08-30,main,refs/heads/main,49de0d35be6cdc3c1192983439d5a90034cad73f,Simulation,7.225099,585302016,877785088
2023-08-17T18-08-30,main,refs/heads/main,49de0d35be6cdc3c1192983439d5a90034cad73f,Track finding ttbar,1.830131,445374464,620314624
2023-08-17T18-08-30,main,refs/heads/main,49de0d35be6cdc3c1192983439d5a90034cad73f,Truth Tracking GSF,25.021766,513552384,716259328
2023-08-17T18-08-30,main,refs/heads/main,49de0d35be6cdc3c1192983439d5a90034cad73f,Truth Tracking KF,0.000286,4096,6615040
2023-08-17T18-08-30,main,refs/heads/main,49de0d35be6cdc3c1192983439d5a90034cad73f,Vertexing,3.625591,598212608,776470528
2023-08-18T00-00-59,main,refs/heads/main,62ec2e1f277dfecb50620da175a4d44932ad0eb7,CKF Tracking,10.527234,607940608,785793024
2023-08-18T00-00-59,main,refs/heads/main,62ec2e1f277dfecb50620da175a4d44932ad0eb7,Simulation,9.930624,592445440,877772800
2023-08-18T00-00-59,main,refs/heads/main,62ec2e1f277dfecb50620da175a4d44932ad0eb7,Track finding ttbar,0.000321,536576,10137600
2023-08-18T00-00-59,main,refs/heads/main,62ec2e1f277dfecb50620da175a4d44932ad0eb7,Truth Tracking GSF,29.290389,516354048,717680640
2023-08-18T00-00-59,main,refs/heads/main,62ec2e1f277dfecb50620da175a4d44932ad0eb7,Truth Tracking KF,0.000276,4096,6615040
2023-08-18T00-00-59,main,refs/heads/main,62ec2e1f277dfecb50620da175a4d44932ad0eb7,Vertexing,3.515605,553566208,746598400
2023-08-18T01-06-04,main,refs/heads/main,6716bbc731c9d223daf05049448be63269603c4f,CKF Tracking,26.463589,614735872,785018880
2023-08-18T01-06-04,main,refs/heads/main,6716bbc731c9d223daf05049448be63269603c4f,Simulation,9.998032,588255232,877789184
2023-08-18T01-06-04,main,refs/heads/main,6716bbc731c9d223daf05049448be63269603c4f,Track finding ttbar,0.000462,512000,10137600
2023-08-18T01-06-04,main,refs/heads/main,6716bbc731c9d223daf05049448be63269603c4f,Truth Tracking GSF,29.852162,513675264,716210176
2023-08-18T01-06-04,main,refs/heads/main,6716bbc731c9d223daf05049448be63269603c4f,Truth Tracking KF,0.00031,4096,6615040
2023-08-18T01-06-04,main,refs/heads/main,6716bbc731c9d223daf05049448be63269603c4f,Vertexing,28.637046,855293952,1062162432
2023-08-18T16-07-09,main,refs/heads/main,800c4844dc3ded78691c89ff7530c7e32cd3b197,CKF Tracking,10.236399,601120768,792207360
2023-08-18T16-07-09,main,refs/heads/main,800c4844dc3ded78691c89ff7530c7e32cd3b197,Simulation,2.548307,445710336,617324544
2023-08-18T16-07-09,main,refs/heads/main,800c4844dc3ded78691c89ff7530c7e32cd3b197,Track finding ttbar,0.000381,290816,3248128
2023-08-18T16-07-09,main,refs/heads/main,800c4844dc3ded78691c89ff7530c7e32cd3b197,Truth Tracking GSF,27.622412,511684608,713936896
2023-08-18T16-07-09,main,refs/heads/main,800c4844dc3ded78691c89ff7530c7e32cd3b197,Truth Tracking KF,0.000259,565248,10145792
2023-08-18T16-07-09,main,refs/heads/main,800c4844dc3ded78691c89ff7530c7e32cd3b197,Vertexing,11.420606,729341952,916373504
2023-08-18T17-56-39,main,refs/heads/main,975b104b097272e3f28472d16bab76a43aeaacee,CKF Tracking,10.218607,606392320,783921152
2023-08-18T17-56-39,main,refs/heads/main,975b104b097272e3f28472d16bab76a43aeaacee,Simulation,9.336947,591896576,880381952
2023-08-18T17-56-39,main,refs/heads/main,975b104b097272e3f28472d16bab76a43aeaacee,Track finding ttbar,0.000266,4096,2715648
2023-08-18T17-56-39,main,refs/heads/main,975b104b097272e3f28472d16bab76a43aeaacee,Truth Tracking GSF,30.750506,517459968,718450688
2023-08-18T17-56-39,main,refs/heads/main,975b104b097272e3f28472d16bab76a43aeaacee,Truth Tracking KF,0.00038,4096,6615040
2023-08-18T17-56-39,main,refs/heads/main,975b104b097272e3f28472d16bab76a43aeaacee,Vertexing,26.559855,862552064,1068642304
2023-08-18T19-29-10,main,refs/heads/main,20cf882b02597d01f93f76881036facea51081fc,CKF Tracking,10.862729,604123136,785096704
2023-08-18T19-29-10,main,refs/heads/main,20cf882b02597d01f93f76881036facea51081fc,Simulation,2.751615,445444096,620380160
2023-08-18T19-29-10,main,refs/heads/main,20cf882b02597d01f93f76881036facea51081fc,Track finding ttbar,0.000336,520192,7876608
2023-08-18T19-29-10,main,refs/heads/main,20cf882b02597d01f93f76881036facea51081fc,Truth Tracking GSF,30.390539,516268032,719020032
2023-08-18T19-29-10,main,refs/heads/main,20cf882b02597d01f93f76881036facea51081fc,Truth Tracking KF,0.000362,450560,7561216
2023-08-18T19-29-10,main,refs/heads/main,20cf882b02597d01f93f76881036facea51081fc,Vertexing,12.50829,720359424,970194944
2023-08-19T09-34-05,main,refs/heads/main,9e93a42fb9f2a29d4f5b9b70246c959ea438dd47,CKF Tracking,8.23991,605532160,785666048
2023-08-19T09-34-05,main,refs/heads/main,9e93a42fb9f2a29d4f5b9b70246c959ea438dd47,Simulation,6.920174,584294400,879497216
2023-08-19T09-34-05,main,refs/heads/main,9e93a42fb9f2a29d4f5b9b70246c959ea438dd47,Track finding ttbar,2.03571,445546496,619233280
2023-08-19T09-34-05,main,refs/heads/main,9e93a42fb9f2a29d4f5b9b70246c959ea438dd47,Truth Tracking GSF,24.873043,510976000,714018816
2023-08-19T09-34-05,main,refs/heads/main,9e93a42fb9f2a29d4f5b9b70246c959ea438dd47,Truth Tracking KF,0.000243,4096,6615040
2023-08-19T09-34-05,main,refs/heads/main,9e93a42fb9f2a29d4f5b9b70246c959ea438dd47,Vertexing,4.94646,666804224,842911744
2023-08-19T18-43-48,main,refs/heads/main,a2ddfc9f9fb0a631659b06402713a603751d8b57,CKF Tracking,8.220292,602005504,793997312
2023-08-19T18-43-48,main,refs/heads/main,a2ddfc9f9fb0a631659b06402713a603751d8b57,Simulation,7.431406,588173312,880275456
2023-08-19T18-43-48,main,refs/heads/main,a2ddfc9f9fb0a631659b06402713a603751d8b57,Track finding ttbar,0.000221,4096,6615040
2023-08-19T18-43-48,main,refs/heads/main,a2ddfc9f9fb0a631659b06402713a603751d8b57,Truth Tracking GSF,2.134053,446943232,613974016
2023-08-19T18-43-48,main,refs/heads/main,a2ddfc9f9fb0a631659b06402713a603751d8b57,Truth Tracking KF,0.000239,5832704,12398592
2023-08-19T18-43-48,main,refs/heads/main,a2ddfc9f9fb0a631659b06402713a603751d8b57,Vertexing,42.933398,857747456,1066975232
2023-08-21T08-28-44,main,refs/heads/main,ac741c2a15cb7180ccc2e9e63770f60dc5bb6d6b,CKF Tracking,2.285252,477368320,697208832
2023-08-21T08-28-44,main,refs/heads/main,ac741c2a15cb7180ccc2e9e63770f60dc5bb6d6b,Simulation,7.372962,588025856,880574464
2023-08-21T08-28-44,main,refs/heads/main,ac741c2a15cb7180ccc2e9e63770f60dc5bb6d6b,Track finding ttbar,1.835871,445517824,614535168
2023-08-21T08-28-44,main,refs/heads/main,ac741c2a15cb7180ccc2e9e63770f60dc5bb6d6b,Truth Tracking GSF,2.144842,446525440,620322816
2023-08-21T08-28-44,main,refs/heads/main,ac741c2a15cb7180ccc2e9e63770f60dc5bb6d6b,Truth Tracking KF,0.000218,4096,6606848
2023-08-21T08-28-44,main,refs/heads/main,ac741c2a15cb7180ccc2e9e63770f60dc5bb6d6b,Vertexing,6.621738,698146816,912654336
2023-08-21T13-09-51,main,refs/heads/main,cb8362c1fcf72f98cda259bf96281de8a53e682c,CKF Tracking,13.567313,608780288,785117184
2023-08-21T13-09-51,main,refs/heads/main,cb8362c1fcf72f98cda259bf96281de8a53e682c,Simulation,8.13054,574181376,879525888
2023-08-21T13-09-51,main,refs/heads/main,cb8362c1fcf72f98cda259bf96281de8a53e682c,Track finding ttbar,0.509502,241819648,396079104
2023-08-21T13-09-51,main,refs/heads/main,cb8362c1fcf72f98cda259bf96281de8a53e682c,Truth Tracking GSF,29.933031,515121152,718069760
2023-08-21T13-09-51,main,refs/heads/main,cb8362c1fcf72f98cda259bf96281de8a53e682c,Truth Tracking KF,0.000448,577536,10145792
2023-08-21T13-09-51,main,refs/heads/main,cb8362c1fcf72f98cda259bf96281de8a53e682c,Vertexing,12.541889,744251392,1010696192
2023-08-21T15-17-53,main,refs/heads/main,b41968ce231d000c36b0ab3da090aea866b9c179,CKF Tracking,18.12606,605233152,792293376
2023-08-21T15-17-53,main,refs/heads/main,b41968ce231d000c36b0ab3da090aea866b9c179,Simulation,6.992587,596307968,877998080
2023-08-21T15-17-53,main,refs/heads/main,b41968ce231d000c36b0ab3da090aea866b9c179,Track finding ttbar,0.050687,21921792,153161728
2023-08-21T15-17-53,main,refs/heads/main,b41968ce231d000c36b0ab3da090aea866b9c179,Truth Tracking GSF,24.655217,522829824,720166912
2023-08-21T15-17-53,main,refs/heads/main,b41968ce231d000c36b0ab3da090aea866b9c179,Truth Tracking KF,0.000218,5931008,12398592
2023-08-21T15-17-53,main,refs/heads/main,b41968ce231d000c36b0ab3da090aea866b9c179,Vertexing,39.400606,855404544,1110380544
2023-08-21T16-12-02,main,refs/heads/main,651ef7a400dc641c093ef2c04b530f3d44214932,CKF Tracking,8.289596,605999104,785145856
2023-08-21T16-12-02,main,refs/heads/main,651ef7a400dc641c093ef2c04b530f3d44214932,Simulation,2.594053,614014976,924549120
2023-08-21T16-12-02,main,refs/heads/main,651ef7a400dc641c093ef2c04b530f3d44214932,Track finding ttbar,0.000255,286720,2727936
2023-08-21T16-12-02,main,refs/heads/main,651ef7a400dc641c093ef2c04b530f3d44214932,Truth Tracking GSF,23.686696,505249792,712273920
2023-08-21T16-12-02,main,refs/heads/main,651ef7a400dc641c093ef2c04b530f3d44214932,Truth Tracking KF,0.000263,4096,6615040
2023-08-21T16-12-02,main,refs/heads/main,651ef7a400dc641c093ef2c04b530f3d44214932,Vertexing,24.874037,852049920,1095110656
2023-08-22T09-22-14,main,refs/heads/main,c3f99beeab984ddd8a67cb528b9ba0188047113a,CKF Tracking,33.262258,612167680,792588288
2023-08-22T09-22-14,main,refs/heads/main,c3f99beeab984ddd8a67cb528b9ba0188047113a,Simulation,2.58331,550031360,877973504
2023-08-22T09-22-14,main,refs/heads/main,c3f99beeab984ddd8a67cb528b9ba0188047113a,Track finding ttbar,2.121612,446664704,619520000
2023-08-22T09-22-14,main,refs/heads/main,c3f99beeab984ddd8a67cb528b9ba0188047113a,Truth Tracking GSF,23.973958,514760704,716353536
2023-08-22T09-22-14,main,refs/heads/main,c3f99beeab984ddd8a67cb528b9ba0188047113a,Truth Tracking KF,0.000211,3559424,10674176
2023-08-22T09-22-14,main,refs/heads/main,c3f99beeab984ddd8a67cb528b9ba0188047113a,Vertexing,19.50367,846135296,1054052352
2023-08-22T14-56-13,main,refs/heads/main,f652647e475a613a8a5db0c672d85cc847650e97,CKF Tracking,2.134089,447152128,621625344
2023-08-22T14-56-13,main,refs/heads/main,f652647e475a613a8a5db0c672d85cc847650e97,Simulation,7.118183,584986624,877973504
2023-08-22T14-56-13,main,refs/heads/main,f652647e475a613a8a5db0c672d85cc847650e97,Track finding ttbar,2.034406,446185472,614162432
2023-08-22T14-56-13,main,refs/heads/main,f652647e475a613a8a5db0c672d85cc847650e97,Truth Tracking GSF,23.514176,513929216,718057472
2023-08-22T14-56-13,main,refs/heads/main,f652647e475a613a8a5db0c672d85cc847650e97,Truth Tracking KF,0.000274,4096,6615040
2023-08-22T14-56-13,main,refs/heads/main,f652647e475a613a8a5db0c672d85cc847650e97,Vertexing,6.512179,695070720,864628736
2023-08-22T15-02-09,main,refs/heads/main,7f67ffd8915394e156576bfb38ea7321e7ae8846,CKF Tracking,13.448596,605708288,785498112
2023-08-22T15-02-09,main,refs/heads/main,7f67ffd8915394e156576bfb38ea7321e7ae8846,Simulation,8.780265,593182720,880410624
2023-08-22T15-02-09,main,refs/heads/main,7f67ffd8915394e156576bfb38ea7321e7ae8846,Track finding ttbar,0.000268,4096,2715648
2023-08-22T15-02-09,main,refs/heads/main,7f67ffd8915394e156576bfb38ea7321e7ae8846,Truth Tracking GSF,28.103116,509575168,713506816
2023-08-22T15-02-09,main,refs/heads/main,7f67ffd8915394e156576bfb38ea7321e7ae8846,Truth Tracking KF,0.000255,290816,3248128
2023-08-22T15-02-09,main,refs/heads/main,7f67ffd8915394e156576bfb38ea7321e7ae8846,Vertexing,50.154518,851431424,1095876608
2023-08-23T14-16-01,main,refs/heads/main,555243ea00337cb3ada4565b9502118b61cd71d5,CKF Tracking,18.147342,611794944,784703488
2023-08-23T14-16-01,main,refs/heads/main,555243ea00337cb3ada4565b9502118b61cd71d5,Simulation,7.892913,592097280,877965312
2023-08-23T14-16-01,main,refs/heads/main,555243ea00337cb3ada4565b9502118b61cd71d5,Track finding ttbar,0.000255,4096,7553024
2023-08-23T14-16-01,main,refs/heads/main,555243ea00337cb3ada4565b9502118b61cd71d5,Truth Tracking GSF,24.417776,515129344,717602816
2023-08-23T14-16-01,main,refs/heads/main,555243ea00337cb3ada4565b9502118b61cd71d5,Truth Tracking KF,0.000543,507904,10145792
2023-08-23T14-16-01,main,refs/heads/main,555243ea00337cb3ada4565b9502118b61cd71d5,Vertexing,3.818974,593481728,776585216
2023-08-23T14-47-22,main,refs/heads/main,d8b6d6701db70892254b37ef96f48128990f7a74,CKF Tracking,11.040647,605966336,794226688
2023-08-23T14-47-22,main,refs/heads/main,d8b6d6701db70892254b37ef96f48128990f7a74,Simulation,7.005705,585601024,878096384
2023-08-23T14-47-22,main,refs/heads/main,d8b6d6701db70892254b37ef96f48128990f7a74,Track finding ttbar,1.929774,446824448,617312256
2023-08-23T14-47-22,main,refs/heads/main,d8b6d6701db70892254b37ef96f48128990f7a74,Truth Tracking GSF,23.16578,516407296,719032320
2023-08-23T14-47-22,main,refs/heads/main,d8b6d6701db70892254b37ef96f48128990f7a74,Truth Tracking KF,0.152358,34983936,153276416
2023-08-23T14-47-22,main,refs/heads/main,d8b6d6701db70892254b37ef96f48128990f7a74,Vertexing,24.687081,839430144,1049972736
2023-08-23T17-03-42,main,refs/heads/main,557c0f38edacf81855331f2637e23cff17a5253f,CKF Tracking,18.427888,612425728,794058752
2023-08-23T17-03-42,main,refs/heads/main,557c0f38edacf81855331f2637e23cff17a5253f,Simulation,7.094462,595025920,880562176
2023-08-23T17-03-42,main,refs/heads/main,557c0f38edacf81855331f2637e23cff17a5253f,Track finding ttbar,2.126965,445890560,614195200
2023-08-23T17-03-42,main,refs/heads/main,557c0f38edacf81855331f2637e23cff17a5253f,Truth Tracking GSF,24.876719,521584640,720154624
2023-08-23T17-03-42,main,refs/heads/main,557c0f38edacf81855331f2637e23cff17a5253f,Truth Tracking KF,1.771677,443891712,617410560
2023-08-23T17-03-42,main,refs/heads/main,557c0f38edacf81855331f2637e23cff17a5253f,Vertexing,39.597834,853327872,1064304640
2023-08-24T12-38-11,main,refs/heads/main,f90906cab97cddec83fbc1b858b2135b361e4e73,CKF Tracking,2.133733,447078400,621346816
2023-08-24T12-38-11,main,refs/heads/main,f90906cab97cddec83fbc1b858b2135b361e4e73,Simulation,2.84734,567349248,880562176
2023-08-24T12-38-11,main,refs/heads/main,f90906cab97cddec83fbc1b858b2135b361e4e73,Track finding ttbar,0.508373,260640768,414568448
2023-08-24T12-38-11,main,refs/heads/main,f90906cab97cddec83fbc1b858b2135b361e4e73,Truth Tracking GSF,23.638182,513794048,717238272
2023-08-24T12-38-11,main,refs/heads/main,f90906cab97cddec83fbc1b858b2135b361e4e73,Truth Tracking KF,0.000234,5849088,13447168
2023-08-24T12-38-11,main,refs/heads/main,f90906cab97cddec83fbc1b858b2135b361e4e73,Vertexing,43.305087,846979072,1050959872
2023-08-24T15-07-55,main,refs/heads/main,27cd1e39c1cc9833fc4502d151792854e16c16ed,CKF Tracking,14.75479,603488256,786325504
2023-08-24T15-07-55,main,refs/heads/main,27cd1e39c1cc9833fc4502d151792854e16c16ed,Simulation,6.783168,593833984,877989888
2023-08-24T15-07-55,main,refs/heads/main,27cd1e39c1cc9833fc4502d151792854e16c16ed,Track finding ttbar,0.000222,577536,10145792
2023-08-24T15-07-55,main,refs/heads/main,27cd1e39c1cc9833fc4502d151792854e16c16ed,Truth Tracking GSF,24.558483,521555968,720154624
2023-08-24T15-07-55,main,refs/heads/main,27cd1e39c1cc9833fc4502d151792854e16c16ed,Truth Tracking KF,0.151856,34041856,153288704
2023-08-24T15-07-55,main,refs/heads/main,27cd1e39c1cc9833fc4502d151792854e16c16ed,Vertexing,39.205598,847577088,1055563776
2023-08-24T19-28-31,main,refs/heads/main,c4c3c8033d19e90005fea33df8a7d0134c2b164a,CKF Tracking,8.145058,603496448,785928192
2023-08-24T19-28-31,main,refs/heads/main,c4c3c8033d19e90005fea33df8a7d0134c2b164a,Simulation,6.782601,594931712,880562176
2023-08-24T19-28-31,main,refs/heads/main,c4c3c8033d19e90005fea33df8a7d0134c2b164a,Track finding ttbar,1.667659,446152704,618086400
2023-08-24T19-28-31,main,refs/heads/main,c4c3c8033d19e90005fea33df8a7d0134c2b164a,Truth Tracking GSF,24.465366,520630272,720150528
2023-08-24T19-28-31,main,refs/heads/main,c4c3c8033d19e90005fea33df8a7d0134c2b164a,Truth Tracking KF,0.000311,4096,6615040
2023-08-24T19-28-31,main,refs/heads/main,c4c3c8033d19e90005fea33df8a7d0134c2b164a,Vertexing,39.144331,862760960,1098211328
2023-08-25T07-36-01,main,refs/heads/main,bcf2ff9f87450d6408ccc010755e80b2a94e844c,CKF Tracking,13.236821,605872128,792326144
2023-08-25T07-36-01,main,refs/heads/main,bcf2ff9f87450d6408ccc010755e80b2a94e844c,Simulation,8.725155,592805888,877989888
2023-08-25T07-36-01,main,refs/heads/main,bcf2ff9f87450d6408ccc010755e80b2a94e844c,Track finding ttbar,0.000254,286720,2727936
2023-08-25T07-36-01,main,refs/heads/main,bcf2ff9f87450d6408ccc010755e80b2a94e844c,Truth Tracking GSF,2.495713,446865408,617422848
2023-08-25T07-36-01,main,refs/heads/main,bcf2ff9f87450d6408ccc010755e80b2a94e844c,Truth Tracking KF,0.204166,35840000,153288704
2023-08-25T07-36-01,main,refs/heads/main,bcf2ff9f87450d6408ccc010755e80b2a94e844c,Vertexing,49.154601,853491712,1055297536
